"Tom Holland","https://i.pinimg.com/550x/d3/9f/86/d39f86fe126ec568068fe05f90af3db7.jpg",9000,14400
"Bill Srarsgard","https://i.pinimg.com/originals/4a/2d/ae/4a2dae61dc53be8458027e923a5f1b8c.jpg",9000,14400
"Chris Hemsworth","https://i.pinimg.com/736x/21/bb/6b/21bb6b8a4875add670e05c2fd469fb41.jpg",9000,14400
"Chris Pratt","https://i.pinimg.com/originals/6a/4e/00/6a4e00cb5d68433faf639e236b5fcc83.jpg",9000,14400
"Chris Evans","https://i.pinimg.com/474x/86/f3/19/86f31930c5aacaa7dda45c5580c04b08.jpg",9000,14400
"Henry Cavill","https://i.pinimg.com/474x/63/6a/39/636a39f76556a22984898934ad08a388.jpg",9000,14400
"Johny Sins","https://i.pinimg.com/originals/21/1e/a0/211ea0edeb24b303af7aea62cdcb8d7a.jpg",9000,14400
"Tom Hardy","https://i.pinimg.com/736x/2a/6d/99/2a6d995194c81982f5dffcffa6b4d3d8.jpg",9000,14400
"Kilian Murphy","https://i.pinimg.com/originals/76/75/ec/7675ec90eae92027e58809db33540036.png",9000,14400
"Brad Pitt","https://i.pinimg.com/originals/f0/5b/f4/f05bf40eb35c289d707a00f9486c88c8.jpg",9000,14400
"James McAvoy","https://i.pinimg.com/736x/55/6c/48/556c489be727e21fa5d335e319ade3a4.jpg",9000,14400
"Hunter Schafer","https://i.pinimg.com/originals/75/f1/6c/75f16c2d808897080a3a3bf24f68f373.jpg",9000,14400
"Tom Cruise","https://i.vietgiaitri.com/2017/6/16/u60-tom-cruise-he-lo-tuyet-ky-giu-phong-do-truoc-cac-nguoi-tinh--944bdc.jpg",9000,14400
"Keanu Reeves","https://i06.fotocdn.net/s213/9c8a8267acc1c738/public_pin_l/2832860852.jpg",9000,14400
"Jason Statham","https://hips.hearstapps.com/menshealth-uk/main/thumbs/37580/stathamnew.jpg",9000,14400
"Jungkook","https://i.pinimg.com/550x/a3/dd/5f/a3dd5fff149829051772af4cc51a43f6.jpg",9000,14400
"Will Smith","https://i.pinimg.com/736x/cc/bb/8e/ccbb8e3ad5453912eb2167093145fa70.jpg",9000,14400
"Robert Downey Jr.","https://i.pinimg.com/474x/0e/a5/b7/0ea5b70b6f46adccb6907412b4c6554d.jpg",9000,14400
"Tom Hiddleston","https://i.pinimg.com/736x/44/5d/4c/445d4ca1d6304e2c7237ed0e24eeca7e.jpg",9000,14400
"Sebastian Stan","https://i.pinimg.com/736x/d6/08/7a/d6087afb2f8a9100463cdcfac52df019.jpg",9000,14400
"Pedro Pascal","https://i.pinimg.com/736x/e2/db/12/e2db12b02abbbd17d61a12492516504f.jpg",9000,14400
"Orlando Bloom","https://i.pinimg.com/736x/18/0a/eb/180aebf1a279ccc828bc9c2b9da03a60.jpg",9000,14400
"Luke Evans","https://i.pinimg.com/736x/f8/08/36/f8083696da73f96eef5866a79bb49116.jpg",9000,14400
"Daniel Craig","https://i.pinimg.com/736x/e7/3d/98/e73d987732a9e652183cfb45ba6b722d.jpg",9000,14400
"Cristiano Ronaldo","https://i.pinimg.com/736x/e0/f9/b0/e0f9b0ed3f5fac58f3e61a8d93d9aa78.jpg",9000,14400
"Evan Peters","https://i.pinimg.com/originals/c8/98/17/c89817d5f690efc9d4c2ca66c235e881.jpg",9000,14400
"Aaron Taylor-Johnson","https://images.lifestyleasia.com/wp-content/uploads/sites/5/2023/03/24165516/Lifestyle-Asia-KL-Aaron-Taylor-Johnson-Calvin-Klein-2-1024x1024.jpg",9000,14400
"Timothee Chalamet","https://i.pinimg.com/736x/74/9f/4d/749f4d680d7d3a307d6369aff13c7c12.jpg",9000,14400
"Travis Scott","https://i.pinimg.com/736x/2a/eb/82/2aeb826a8fce2233f17c53484fb3d105.jpg",9000,14400
"Jeremy Allen White","https://i.pinimg.com/736x/d5/88/8e/d5888eaa31641e69fde542da92aa4005.jpg",9000,14400
"Cameron Monaghan","https://i.pinimg.com/originals/bb/76/c7/bb76c7010f23929e1cff04faa2197e4c.jpg",9000,14400
"Manu Rios","https://i.pinimg.com/originals/95/c5/3e/95c53e17a3a6cb946a0085c42c6413c3.jpg",9000,14400
"Aron Piper","https://i.pinimg.com/736x/14/37/66/143766c9f6a97145dd8043ef32809b16.jpg",9000,14400
"Miguel Herran","https://i.pinimg.com/originals/36/69/71/366971bc42c9ff14349e2dd8449b1c04.jpg",9000,14400
"Shaman","https://otvet.imgsmail.ru/download/68648575_fc08ecb63eeb3fab1795e604b41daf01.jpg",9000,14400
"Sean O'pry","https://mir-cdn.behance.net/v1/rendition/project_modules/max_1200/1f9978159168173.63993bbcad639.jpg",9000,14400
"Jacob Elordi","https://i.pinimg.com/736x/11/b6/71/11b67168f3a592cdc9d86088314c017f.jpg",9000,14400
"Barry Keoghan","https://image.noelshack.com/fichiers-md/2020/37/1/1599436212-20200304.jpg",9000,14400
"Miguel Bernardeau","https://i.pinimg.com/originals/9d/ff/44/9dff44b8f24b756cd6b2aec16b2bbe2a.jpg",9000,14400
"Jorge Lopez","https://i.pinimg.com/originals/12/d9/50/12d9504790c204bad5e9e8101d412c9d.jpg",9000,14400
"Jake Gyllenhaal","https://i.pinimg.com/736x/62/c9/6d/62c96d666abac321294e538c1bddcfe1.jpg",9000,14400
"Robert Pattinson","https://i.pinimg.com/550x/d6/ca/64/d6ca64cff680b543c2d74cf1dc16795e.jpg",9000,14400
"Taylor Lauthner","https://i.pinimg.com/736x/3e/72/fc/3e72fcd1d9bcc164e9e4ee0b3110d690.jpg",9000,14400
"Connor Mcgregor","https://img.championat.com/i/n/a/1660130531684757716.jpg",9000,14400
"Leonardo DiCaprio","https://i.pinimg.com/474x/31/f3/ba/31f3bac10757f1623203e7f949415af1.jpg",9000,14400
"Bradley Cooper","https://i.pinimg.com/736x/39/eb/08/39eb08c7dc8f4080593fd18a90dde986.jpg",9000,14400
"Hugh Jackman","https://4.bp.blogspot.com/_1jvpgQ8TgJY/R8QmizTO2bI/AAAAAAAAPDA/zT4N88koxoM/s1600/hughjackman%2B(11).jpg",9000,14400
"Ryan Reynolds","https://payhip.com/cdn-cgi/image/format=auto,width=1500/https://pe56d.s3.amazonaws.com/o_1hniknj4n1glb1ea5129l15uchdgc.jpg",9000,14400
"Ryan Gosling","https://i.pinimg.com/736x/ad/af/e1/adafe1cb939821c82e1170bdff308702.jpg",9000,14400
"Sergei Bagrov","https://i.pinimg.com/736x/a8/22/f8/a822f8e6c0eba3689d7630643cf91d65.jpg",9000,14400
"Andrew Garfield","https://avatars.dzeninfra.ru/get-zen_doc/271828/pub_68b059daf1e9f262a36f9f57_68b05ac8566b2d24b0c796de/scale_1200",9000,14400
"Charlie Hunnam","https://i.pinimg.com/736x/2a/dc/91/2adc91c7f93ea12469f893ed1d6aa245.jpg",9000,14400
"Channing Matthew Tatum","https://i.pinimg.com/736x/74/f2/59/74f259442eba606982a5212f59768ad9.jpg",9000,14400
"The Miranchuk brothers","https://i.pinimg.com/1200x/35/76/d6/3576d6718a879555aee70347b70509a2.jpg",9000,14400
"Nicholas Galitzine","https://i.pinimg.com/736x/47/c5/e6/47c5e6ac5c44e8e65eec3a1b7cf83553.jpg",9000,14400
"Ian Somerhalder","https://i.pinimg.com/736x/9e/f5/e2/9ef5e2bb43fc9d8568862dd3e1241c2e.jpg",9000,14400
"Cillian Murphy","https://i.pinimg.com/736x/b8/41/93/b8419360744915ef5aad6495e7f56486.jpg",9000,14400
"Arnold Schwarzenegger","https://i.pinimg.com/736x/99/fa/e6/99fae655a1c53f20127b28c9ad5d10b9.jpg",9000,14400
"Jacob Elordi","https://i.pinimg.com/736x/e0/7e/65/e07e65c53f1680152ffa541312f9eb78.jpg",9000,14400
"Aaron Piper","https://i.pinimg.com/736x/f7/32/5f/f7325fb4feb3e5e7f72cb880ecb77bba.jpg",9000,14400
"Mark McKenna","https://i.pinimg.com/1200x/5b/dc/75/5bdc754fb9f4a5265fe5bf1fc481ef69.jpg",9000,14400
"Paul Mescal","https://i.pinimg.com/1200x/5f/4b/03/5f4b03f06aa966832395d1391a152f09.jpg",9000,14400
"Johan Cruyff","https://i.pinimg.com/736x/a7/bd/3a/a7bd3ae34afdcafde92284beced251ab.jpg",9000,14400
"Messi","https://i.pinimg.com/736x/4d/33/e9/4d33e939966dd2c53f02da21c3db96a8.jpg",9000,14400